{
	"Network" : 
	{
		"Layer_0" : 
		[
			[
				1.0060153005273893,
				0.6772807473957444,
				0.92350400721538672,
				-0.75662197127051056,
				0.010543259278728548
			],
			[
				-0.013336859267801631,
				0.31684207482065174,
				-0.16990554666248672,
				0.12536917849120005,
				0.12240587876468086
			]
		],
		"Layer_2" : 
		[
			[
				1.1730760468951955
			],
			[
				0.80319572220435675
			],
			[
				0.87383180524478765
			],
			[
				-0.8440289276086661
			],
			[
				0.23556427977135461
			]
		]
	}
}